[
  {
    "__type__": "cc.SpriteFrame",
    "content": {
      "name": "default_btn_disabled",
      "texture": "71VhFCTINJM6/Ky3oX9nBT",
      "rect": [
        0,
        0,
        40,
        40
      ],
      "offset": [
        0,
        0
      ],
      "originalSize": [
        40,
        40
      ],
      "capInsets": [
        12,
        12,
        12,
        12
      ]
    }
  },
  [
    {
      "__type__": "cc.SceneAsset",
      "_name": "GameHall",
      "scene": {
        "__id__": 1
      },
      "asyncLoadAssets": null
    },
    {
      "__type__": "cc.Scene",
      "_name": "New Node",
      "_children": [
        {
          "__id__": 2
        }
      ],
      "_anchorPoint": {
        "__type__": "cc.Vec2"
      },
      "_trs": {
        "__type__": "TypedArray",
        "ctor": "Float64Array",
        "array": [
          0,
          0,
          0,
          0,
          0,
          0,
          1,
          1,
          1,
          1
        ]
      },
      "autoReleaseAssets": false
    },
    {
      "__type__": "cc.Node",
      "_name": "Canvas",
      "_parent": {
        "__id__": 1
      },
      "_children": [
        {
          "__id__": 3
        },
        {
          "__id__": 4
        },
        {
          "__id__": 5
        },
        {
          "__id__": 17
        }
      ],
      "_components": [
        {
          "__type__": "cc.Canvas",
          "node": {
            "__id__": 2
          },
          "_designResolution": {
            "__type__": "cc.Size",
            "width": 1920,
            "height": 1080
          },
          "_fitHeight": false
        },
        {
          "__type__": "c6a728UG/tBt512sQPwEwKQ",
          "node": {
            "__id__": 2
          }
        },
        {
          "__type__": "cc.Widget",
          "node": {
            "__id__": 2
          },
          "alignMode": 0,
          "_alignFlags": 45,
          "_originalWidth": 1920,
          "_originalHeight": 1080
        }
      ],
      "_color": {
        "__type__": "cc.Color",
        "r": 252,
        "g": 252,
        "b": 252
      },
      "_contentSize": {
        "__type__": "cc.Size",
        "width": 1920,
        "height": 1080
      },
      "_trs": {
        "__type__": "TypedArray",
        "ctor": "Float64Array",
        "array": [
          960,
          540,
          0,
          0,
          0,
          0,
          1,
          1,
          1,
          1
        ]
      },
      "_id": "a286bbGknJLZpRpxROV6M94"
    },
    {
      "__type__": "cc.Node",
      "_name": "Main Camera",
      "_parent": {
        "__id__": 2
      },
      "_components": [
        {
          "__type__": "cc.Camera",
          "node": {
            "__id__": 3
          },
          "_clearFlags": 7,
          "_depth": -1
        }
      ],
      "_trs": {
        "__type__": "TypedArray",
        "ctor": "Float64Array",
        "array": [
          0,
          0,
          388.845406299213,
          0,
          0,
          0,
          1,
          1,
          1,
          1
        ]
      }
    },
    {
      "__type__": "cc.Node",
      "_name": "background",
      "_parent": {
        "__id__": 2
      },
      "_components": [
        {
          "__type__": "cc.Widget",
          "node": {
            "__id__": 4
          },
          "_alignFlags": 45,
          "_left": -340,
          "_right": -340,
          "_originalWidth": 200,
          "_originalHeight": 150
        },
        {
          "__type__": "cc.Sprite",
          "node": {
            "__id__": 4
          },
          "_materials": [
            {
              "__uuid__": "ecpdLyjvZBwrvm+cedCcQy"
            }
          ],
          "_spriteFrame": {
            "__uuid__": "7cgBJR3vhK+Lz/1OeR4u0O"
          },
          "_type": 1,
          "_sizeMode": 2
        }
      ],
      "_contentSize": {
        "__type__": "cc.Size",
        "width": 2600,
        "height": 1080
      },
      "_trs": {
        "__type__": "TypedArray",
        "ctor": "Float64Array",
        "array": [
          0,
          0,
          0,
          0,
          0,
          0,
          1,
          1,
          1,
          1
        ]
      }
    },
    {
      "__type__": "cc.Node",
      "_name": "GameKindLayOut",
      "_parent": {
        "__id__": 2
      },
      "_children": [
        {
          "__id__": 6
        },
        {
          "__id__": 12
        },
        {
          "__id__": 13
        },
        {
          "__id__": 14
        },
        {
          "__id__": 15
        },
        {
          "__id__": 16
        }
      ],
      "_components": [
        {
          "__type__": "cc.Sprite",
          "node": {
            "__id__": 5
          },
          "_materials": [
            {
              "__uuid__": "ecpdLyjvZBwrvm+cedCcQy"
            }
          ],
          "_spriteFrame": {
            "__uuid__": "9bvaMerUlDyary99mJa6xp"
          },
          "_type": 1,
          "_sizeMode": 0
        },
        {
          "__type__": "cc.Layout",
          "node": {
            "__id__": 5
          },
          "_layoutSize": {
            "__type__": "cc.Size",
            "width": 1300,
            "height": 1000
          },
          "_N$layoutType": 3,
          "_N$paddingLeft": 50,
          "_N$paddingRight": 50,
          "_N$paddingTop": 5,
          "_N$paddingBottom": 5,
          "_N$spacingX": 50,
          "_N$spacingY": 50,
          "_N$verticalDirection": 0
        }
      ],
      "_opacity": 229.5,
      "_color": {
        "__type__": "cc.Color",
        "r": 233,
        "g": 218,
        "b": 218
      },
      "_contentSize": {
        "__type__": "cc.Size",
        "width": 1300,
        "height": 1000
      },
      "_trs": {
        "__type__": "TypedArray",
        "ctor": "Float64Array",
        "array": [
          0,
          0,
          0,
          0,
          0,
          0,
          1,
          1,
          1,
          1
        ]
      }
    },
    {
      "__type__": "cc.Node",
      "_name": "TestItem",
      "_parent": {
        "__id__": 5
      },
      "_children": [
        {
          "__id__": 7
        },
        {
          "__id__": 8
        },
        {
          "__id__": 10
        }
      ],
      "_components": [
        {
          "__type__": "8bbd9EBUs5AkYmeKUMWaxT5",
          "node": {
            "__id__": 6
          },
          "downloadBtn": {
            "__id__": 8
          },
          "downloadLabel": {
            "__id__": 11
          }
        }
      ],
      "_contentSize": {
        "__type__": "cc.Size",
        "width": 400,
        "height": 252
      },
      "_trs": {
        "__type__": "TypedArray",
        "ctor": "Float64Array",
        "array": [
          -400,
          -369,
          0,
          0,
          0,
          0,
          1,
          1,
          1,
          1
        ]
      }
    },
    {
      "__type__": "cc.Node",
      "_name": "Name",
      "_parent": {
        "__id__": 6
      },
      "_components": [
        {
          "__type__": "cc.Label",
          "node": {
            "__id__": 7
          },
          "_materials": [
            {
              "__uuid__": "ecpdLyjvZBwrvm+cedCcQy"
            }
          ],
          "_useOriginalSize": false,
          "_string": "老虎机",
          "_N$string": "老虎机",
          "_fontSize": 100,
          "_lineHeight": 100,
          "_N$horizontalAlign": 1,
          "_N$verticalAlign": 1
        }
      ],
      "_color": {
        "__type__": "cc.Color",
        "r": 121,
        "g": 121,
        "b": 14
      },
      "_contentSize": {
        "__type__": "cc.Size",
        "width": 300,
        "height": 126
      },
      "_trs": {
        "__type__": "TypedArray",
        "ctor": "Float64Array",
        "array": [
          0,
          0,
          0,
          0,
          0,
          0,
          1,
          1,
          1,
          1
        ]
      }
    },
    {
      "__type__": "cc.Node",
      "_name": "DownBtn",
      "_parent": {
        "__id__": 6
      },
      "_children": [
        {
          "__id__": 9
        }
      ],
      "_components": [
        {
          "__type__": "cc.Button",
          "node": {
            "__id__": 8
          },
          "_N$transition": 2,
          "transition": 2,
          "_N$normalColor": {
            "__type__": "cc.Color",
            "r": 230,
            "g": 230,
            "b": 230
          },
          "_N$pressedColor": {
            "__type__": "cc.Color",
            "r": 200,
            "g": 200,
            "b": 200
          },
          "pressedColor": {
            "__type__": "cc.Color",
            "r": 200,
            "g": 200,
            "b": 200
          },
          "_N$disabledColor": {
            "__type__": "cc.Color",
            "r": 120,
            "g": 120,
            "b": 120,
            "a": 200
          },
          "_N$normalSprite": {
            "__uuid__": "f0BIwQ8D5Ml7nTNQbh1YlS"
          },
          "_N$pressedSprite": {
            "__uuid__": "e97GVMl6JHh5Ml5qEDdSGa"
          },
          "pressedSprite": {
            "__uuid__": "e97GVMl6JHh5Ml5qEDdSGa"
          },
          "_N$hoverSprite": {
            "__uuid__": "f0BIwQ8D5Ml7nTNQbh1YlS"
          },
          "hoverSprite": {
            "__uuid__": "f0BIwQ8D5Ml7nTNQbh1YlS"
          },
          "_N$disabledSprite": {
            "__uuid__": "29FYIk+N1GYaeWH/q1NxQO"
          },
          "_N$target": {
            "__id__": 8
          }
        }
      ],
      "_contentSize": {
        "__type__": "cc.Size",
        "width": 400,
        "height": 252
      },
      "_trs": {
        "__type__": "TypedArray",
        "ctor": "Float64Array",
        "array": [
          0,
          0,
          0,
          0,
          0,
          0,
          1,
          1,
          1,
          1
        ]
      }
    },
    {
      "__type__": "cc.Node",
      "_name": "New Label",
      "_parent": {
        "__id__": 8
      },
      "_components": [
        {
          "__type__": "cc.Label",
          "node": {
            "__id__": 9
          },
          "_materials": [
            {
              "__uuid__": "ecpdLyjvZBwrvm+cedCcQy"
            }
          ],
          "_useOriginalSize": false,
          "_N$horizontalAlign": 1,
          "_N$verticalAlign": 1
        }
      ],
      "_color": {
        "__type__": "cc.Color",
        "r": 197,
        "g": 38,
        "b": 95
      },
      "_contentSize": {
        "__type__": "cc.Size",
        "height": 50.4
      },
      "_trs": {
        "__type__": "TypedArray",
        "ctor": "Float64Array",
        "array": [
          0,
          0,
          0,
          0,
          0,
          0,
          1,
          1,
          1,
          1
        ]
      }
    },
    {
      "__type__": "cc.Node",
      "_name": "TipText",
      "_parent": {
        "__id__": 6
      },
      "_components": [
        {
          "__id__": 11
        }
      ],
      "_color": {
        "__type__": "cc.Color",
        "r": 27,
        "g": 58,
        "b": 156
      },
      "_contentSize": {
        "__type__": "cc.Size",
        "width": 280,
        "height": 50.4
      },
      "_trs": {
        "__type__": "TypedArray",
        "ctor": "Float64Array",
        "array": [
          0,
          0,
          0,
          0,
          0,
          0,
          1,
          1,
          1,
          1
        ]
      }
    },
    {
      "__type__": "cc.Label",
      "node": {
        "__id__": 10
      },
      "_materials": [
        {
          "__uuid__": "ecpdLyjvZBwrvm+cedCcQy"
        }
      ],
      "_useOriginalSize": false,
      "_string": "子游戏需要更新",
      "_N$string": "子游戏需要更新",
      "_N$horizontalAlign": 1,
      "_N$verticalAlign": 1
    },
    {
      "__type__": "cc.Node",
      "_name": "New Label",
      "_parent": {
        "__id__": 5
      },
      "_components": [
        {
          "__type__": "cc.Label",
          "node": {
            "__id__": 12
          },
          "_materials": [
            {
              "__uuid__": "ecpdLyjvZBwrvm+cedCcQy"
            }
          ],
          "_useOriginalSize": false,
          "_string": "测试",
          "_N$string": "测试",
          "_fontSize": 200,
          "_lineHeight": 200,
          "_N$horizontalAlign": 1,
          "_N$verticalAlign": 1
        }
      ],
      "_contentSize": {
        "__type__": "cc.Size",
        "width": 400,
        "height": 252
      },
      "_trs": {
        "__type__": "TypedArray",
        "ctor": "Float64Array",
        "array": [
          50,
          -369,
          0,
          0,
          0,
          0,
          1,
          1,
          1,
          1
        ]
      }
    },
    {
      "__type__": "cc.Node",
      "_name": "New Label",
      "_parent": {
        "__id__": 5
      },
      "_components": [
        {
          "__type__": "cc.Label",
          "node": {
            "__id__": 13
          },
          "_materials": [
            {
              "__uuid__": "ecpdLyjvZBwrvm+cedCcQy"
            }
          ],
          "_useOriginalSize": false,
          "_string": "测试",
          "_N$string": "测试",
          "_fontSize": 200,
          "_lineHeight": 200,
          "_N$horizontalAlign": 1,
          "_N$verticalAlign": 1
        }
      ],
      "_contentSize": {
        "__type__": "cc.Size",
        "width": 400,
        "height": 252
      },
      "_trs": {
        "__type__": "TypedArray",
        "ctor": "Float64Array",
        "array": [
          -400,
          -67,
          0,
          0,
          0,
          0,
          1,
          1,
          1,
          1
        ]
      }
    },
    {
      "__type__": "cc.Node",
      "_name": "New Label",
      "_parent": {
        "__id__": 5
      },
      "_components": [
        {
          "__type__": "cc.Label",
          "node": {
            "__id__": 14
          },
          "_materials": [
            {
              "__uuid__": "ecpdLyjvZBwrvm+cedCcQy"
            }
          ],
          "_useOriginalSize": false,
          "_string": "测试",
          "_N$string": "测试",
          "_fontSize": 200,
          "_lineHeight": 200,
          "_N$horizontalAlign": 1,
          "_N$verticalAlign": 1
        }
      ],
      "_contentSize": {
        "__type__": "cc.Size",
        "width": 400,
        "height": 252
      },
      "_trs": {
        "__type__": "TypedArray",
        "ctor": "Float64Array",
        "array": [
          50,
          -67,
          0,
          0,
          0,
          0,
          1,
          1,
          1,
          1
        ]
      }
    },
    {
      "__type__": "cc.Node",
      "_name": "New Label",
      "_parent": {
        "__id__": 5
      },
      "_components": [
        {
          "__type__": "cc.Label",
          "node": {
            "__id__": 15
          },
          "_materials": [
            {
              "__uuid__": "ecpdLyjvZBwrvm+cedCcQy"
            }
          ],
          "_useOriginalSize": false,
          "_string": "测试",
          "_N$string": "测试",
          "_fontSize": 200,
          "_lineHeight": 200,
          "_N$horizontalAlign": 1,
          "_N$verticalAlign": 1
        }
      ],
      "_contentSize": {
        "__type__": "cc.Size",
        "width": 400,
        "height": 252
      },
      "_trs": {
        "__type__": "TypedArray",
        "ctor": "Float64Array",
        "array": [
          -400,
          235,
          0,
          0,
          0,
          0,
          1,
          1,
          1,
          1
        ]
      }
    },
    {
      "__type__": "cc.Node",
      "_name": "New Label",
      "_parent": {
        "__id__": 5
      },
      "_components": [
        {
          "__type__": "cc.Label",
          "node": {
            "__id__": 16
          },
          "_materials": [
            {
              "__uuid__": "ecpdLyjvZBwrvm+cedCcQy"
            }
          ],
          "_useOriginalSize": false,
          "_string": "测试",
          "_N$string": "测试",
          "_fontSize": 200,
          "_lineHeight": 200,
          "_N$horizontalAlign": 1,
          "_N$verticalAlign": 1
        }
      ],
      "_contentSize": {
        "__type__": "cc.Size",
        "width": 400,
        "height": 252
      },
      "_trs": {
        "__type__": "TypedArray",
        "ctor": "Float64Array",
        "array": [
          50,
          235,
          0,
          0,
          0,
          0,
          1,
          1,
          1,
          1
        ]
      }
    },
    {
      "__type__": "cc.Node",
      "_name": "EnterGameBtn",
      "_parent": {
        "__id__": 2
      },
      "_children": [
        {
          "__id__": 18
        }
      ],
      "_components": [
        {
          "__type__": "cc.Button",
          "node": {
            "__id__": 17
          },
          "_N$transition": 2,
          "transition": 2,
          "_N$normalColor": {
            "__type__": "cc.Color",
            "r": 230,
            "g": 230,
            "b": 230
          },
          "_N$pressedColor": {
            "__type__": "cc.Color",
            "r": 200,
            "g": 200,
            "b": 200
          },
          "pressedColor": {
            "__type__": "cc.Color",
            "r": 200,
            "g": 200,
            "b": 200
          },
          "_N$disabledColor": {
            "__type__": "cc.Color",
            "r": 120,
            "g": 120,
            "b": 120,
            "a": 200
          },
          "_N$normalSprite": {
            "__uuid__": "f0BIwQ8D5Ml7nTNQbh1YlS"
          },
          "_N$pressedSprite": {
            "__uuid__": "e97GVMl6JHh5Ml5qEDdSGa"
          },
          "pressedSprite": {
            "__uuid__": "e97GVMl6JHh5Ml5qEDdSGa"
          },
          "_N$hoverSprite": {
            "__uuid__": "f0BIwQ8D5Ml7nTNQbh1YlS"
          },
          "hoverSprite": {
            "__uuid__": "f0BIwQ8D5Ml7nTNQbh1YlS"
          },
          "_N$disabledSprite": {
            "__uuid__": "29FYIk+N1GYaeWH/q1NxQO"
          },
          "_N$target": {
            "__id__": 18
          }
        },
        {
          "__type__": "cc.Widget",
          "node": {
            "__id__": 17
          },
          "_alignFlags": 16,
          "_bottom": 520,
          "_horizontalCenter": -85.677
        }
      ],
      "_contentSize": {
        "__type__": "cc.Size",
        "width": 200,
        "height": 100
      },
      "_trs": {
        "__type__": "TypedArray",
        "ctor": "Float64Array",
        "array": [
          -85.677,
          393.655,
          0,
          0,
          0,
          0,
          1,
          1,
          1,
          1
        ]
      }
    },
    {
      "__type__": "cc.Node",
      "_name": "Background",
      "_parent": {
        "__id__": 17
      },
      "_children": [
        {
          "__id__": 19
        }
      ],
      "_components": [
        {
          "__type__": "cc.Sprite",
          "node": {
            "__id__": 18
          },
          "_materials": [
            {
              "__uuid__": "ecpdLyjvZBwrvm+cedCcQy"
            }
          ],
          "_spriteFrame": {
            "__uuid__": "f0BIwQ8D5Ml7nTNQbh1YlS"
          },
          "_type": 1,
          "_sizeMode": 0
        },
        {
          "__type__": "cc.Widget",
          "node": {
            "__id__": 18
          },
          "alignMode": 0,
          "_alignFlags": 45,
          "_originalWidth": 100,
          "_originalHeight": 40
        }
      ],
      "_contentSize": {
        "__type__": "cc.Size",
        "width": 200,
        "height": 100
      },
      "_trs": {
        "__type__": "TypedArray",
        "ctor": "Float64Array",
        "array": [
          0,
          0,
          0,
          0,
          0,
          0,
          1,
          1,
          1,
          1
        ]
      }
    },
    {
      "__type__": "cc.Node",
      "_name": "Label",
      "_parent": {
        "__id__": 18
      },
      "_components": [
        {
          "__type__": "cc.Label",
          "node": {
            "__id__": 19
          },
          "_materials": [
            {
              "__uuid__": "ecpdLyjvZBwrvm+cedCcQy"
            }
          ],
          "_useOriginalSize": false,
          "_string": "进入游戏",
          "_N$string": "进入游戏",
          "_enableWrapText": false,
          "_N$horizontalAlign": 1,
          "_N$verticalAlign": 1,
          "_N$overflow": 1
        }
      ],
      "_color": {
        "__type__": "cc.Color"
      },
      "_contentSize": {
        "__type__": "cc.Size",
        "width": 200,
        "height": 100
      },
      "_trs": {
        "__type__": "TypedArray",
        "ctor": "Float64Array",
        "array": [
          0,
          0,
          0,
          0,
          0,
          0,
          1,
          1,
          1,
          1
        ]
      }
    }
  ],
  {
    "__type__": "cc.SpriteFrame",
    "content": {
      "name": "Tex_Lobby_beijing",
      "texture": "faOm03PwBD2bnrsWnqDJKX",
      "rect": [
        0,
        0,
        2600,
        1080
      ],
      "offset": [
        0,
        0
      ],
      "originalSize": [
        2600,
        1080
      ],
      "capInsets": [
        0,
        0,
        0,
        0
      ]
    }
  },
  {
    "__type__": "cc.SpriteFrame",
    "content": {
      "name": "default_panel",
      "texture": "d8HsitJHxOYqo801xBk8ev",
      "rect": [
        0,
        0,
        20,
        20
      ],
      "offset": [
        0,
        0
      ],
      "originalSize": [
        20,
        20
      ],
      "capInsets": [
        6,
        6,
        6,
        6
      ]
    }
  },
  {
    "__type__": "cc.SpriteFrame",
    "content": {
      "name": "default_btn_pressed",
      "texture": "b4P/PCArtIdIH38t6mlw8Y",
      "rect": [
        0,
        0,
        40,
        40
      ],
      "offset": [
        0,
        0
      ],
      "originalSize": [
        40,
        40
      ],
      "capInsets": [
        12,
        12,
        12,
        12
      ]
    }
  },
  {
    "__type__": "cc.SpriteFrame",
    "content": {
      "name": "default_btn_normal",
      "texture": "e8Ueib+qJEhL6mXAHdnwbi",
      "rect": [
        0,
        0,
        40,
        40
      ],
      "offset": [
        0,
        0
      ],
      "originalSize": [
        40,
        40
      ],
      "capInsets": [
        12,
        12,
        12,
        12
      ]
    }
  }
]