{
  "__type__": "cc.EffectAsset",
  "_name": "builtin-2d-spine",
  "techniques": [
    {
      "passes": [
        {
          "blendState": {
            "targets": [
              {
                "blend": true
              }
            ]
          },
          "rasterizerState": {
            "cullMode": 0
          },
          "program": "builtin-2d-spine|vs|fs",
          "properties": {
            "texture": {
              "value": "white",
              "type": 29
            },
            "alphaThreshold": {
              "value": [
                0.5
              ],
              "type": 13
            }
          }
        }
      ]
    }
  ],
  "shaders": [
    {
      "hash": 2278723298,
      "glsl3": {
        "vert": "\nprecision highp float;\nuniform CCGlobal {\n  vec4 cc_time;\n\n  vec4 cc_screenSize;\n\n  vec4 cc_screenScale;\n\n  vec4 cc_nativeSize;\n\n  mat4 cc_matView;\n  mat4 cc_matViewInv;\n  mat4 cc_matProj;\n  mat4 cc_matProjInv;\n  mat4 cc_matViewProj;\n  mat4 cc_matViewProjInv;\n  vec4 cc_cameraPos;\n\n  vec4 cc_exposure;\n\n  vec4 cc_mainLitDir;\n\n  vec4 cc_mainLitColor;\n\n  vec4 cc_ambientSky;\n  vec4 cc_ambientGround;\n};\nuniform CCLocal {\n  mat4 cc_matWorld;\n  mat4 cc_matWorldIT;\n};\n\nin vec3 a_position;\nin vec4 a_color;\n#if USE_TINT\n  in vec4 a_color0;\n#endif\n\nin vec2 a_uv0;\nout vec2 v_uv0;\n\nout vec4 v_light;\n#if USE_TINT\n  out vec4 v_dark;\n#endif\n\nvoid main () {\n  mat4 mvp;\n  \n  #if CC_USE_MODEL\n    mvp = cc_matViewProj * cc_matWorld;\n  #else\n    mvp = cc_matViewProj;\n  #endif\n\n  v_uv0 = a_uv0;\n\n  v_light = a_color;\n  #if USE_TINT\n    v_dark = a_color0;\n  #endif\n\n  gl_Position = mvp * vec4(a_position, 1);\n}\n\n",
        "frag": "\nprecision highp float;\n\nuniform sampler2D texture;\nin vec2 v_uv0;\n\nin vec4 v_light;\n#if USE_TINT\n  in vec4 v_dark;\n#endif\n\n#if USE_ALPHA_TEST\n  \n  uniform ALPHA_TEST {\n    float alphaThreshold;\n  }\n#endif\n\nvoid ALPHA_TEST (in vec4 color) {\n  #if USE_ALPHA_TEST\n      if (color.a < alphaThreshold) discard;\n  #endif\n}\n\nvoid ALPHA_TEST (in float alpha) {\n  #if USE_ALPHA_TEST\n      if (alpha < alphaThreshold) discard;\n  #endif\n}\n\nvoid main () {\n  vec4 texColor = texture2D(texture, v_uv0);\n  #if CC_USE_ALPHA_ATLAS_TEXTURE\n      texColor.a *= texture2D(texture, v_uv0 + vec2(0, 0.5)).r;\n  #endif\n  vec4 finalColor;\n\n  #if USE_TINT\n    finalColor.a = v_light.a * texColor.a;\n    finalColor.rgb = ((texColor.a - 1.0) * v_dark.a + 1.0 - texColor.rgb) * v_dark.rgb + texColor.rgb * v_light.rgb;\n  #else\n    finalColor = texColor * v_light;\n  #endif\n\n  ALPHA_TEST(finalColor);\n\n  gl_FragColor = finalColor;\n}\n\n"
      },
      "glsl1": {
        "vert": "\nprecision highp float;\nuniform mat4 cc_matViewProj;\nuniform mat4 cc_matWorld;\n\nattribute vec3 a_position;\nattribute vec4 a_color;\n#if USE_TINT\n  attribute vec4 a_color0;\n#endif\n\nattribute vec2 a_uv0;\nvarying vec2 v_uv0;\n\nvarying vec4 v_light;\n#if USE_TINT\n  varying vec4 v_dark;\n#endif\n\nvoid main () {\n  mat4 mvp;\n  \n  #if CC_USE_MODEL\n    mvp = cc_matViewProj * cc_matWorld;\n  #else\n    mvp = cc_matViewProj;\n  #endif\n\n  v_uv0 = a_uv0;\n\n  v_light = a_color;\n  #if USE_TINT\n    v_dark = a_color0;\n  #endif\n\n  gl_Position = mvp * vec4(a_position, 1);\n}\n\n",
        "frag": "\nprecision highp float;\n\nuniform sampler2D texture;\nvarying vec2 v_uv0;\n\nvarying vec4 v_light;\n#if USE_TINT\n  varying vec4 v_dark;\n#endif\n\n#if USE_ALPHA_TEST\n  \n  uniform float alphaThreshold;\n#endif\n\nvoid ALPHA_TEST (in vec4 color) {\n  #if USE_ALPHA_TEST\n      if (color.a < alphaThreshold) discard;\n  #endif\n}\n\nvoid ALPHA_TEST (in float alpha) {\n  #if USE_ALPHA_TEST\n      if (alpha < alphaThreshold) discard;\n  #endif\n}\n\nvoid main () {\n  vec4 texColor = texture2D(texture, v_uv0);\n  #if CC_USE_ALPHA_ATLAS_TEXTURE\n      texColor.a *= texture2D(texture, v_uv0 + vec2(0, 0.5)).r;\n  #endif\n  vec4 finalColor;\n\n  #if USE_TINT\n    finalColor.a = v_light.a * texColor.a;\n    finalColor.rgb = ((texColor.a - 1.0) * v_dark.a + 1.0 - texColor.rgb) * v_dark.rgb + texColor.rgb * v_light.rgb;\n  #else\n    finalColor = texColor * v_light;\n  #endif\n\n  ALPHA_TEST(finalColor);\n\n  gl_FragColor = finalColor;\n}\n\n"
      },
      "builtins": {
        "globals": {
          "blocks": [
            {
              "name": "CCGlobal",
              "defines": []
            }
          ],
          "samplers": []
        },
        "locals": {
          "blocks": [
            {
              "name": "CCLocal",
              "defines": []
            }
          ],
          "samplers": []
        }
      },
      "defines": [
        {
          "name": "USE_TINT",
          "type": "boolean",
          "defines": []
        },
        {
          "name": "CC_USE_MODEL",
          "type": "boolean",
          "defines": []
        },
        {
          "name": "USE_ALPHA_TEST",
          "type": "boolean",
          "defines": []
        },
        {
          "name": "CC_USE_ALPHA_ATLAS_TEXTURE",
          "type": "boolean",
          "defines": []
        }
      ],
      "blocks": [
        {
          "name": "ALPHA_TEST",
          "members": [
            {
              "name": "alphaThreshold",
              "type": 13,
              "count": 1
            }
          ],
          "defines": [
            "USE_ALPHA_TEST"
          ],
          "binding": 0
        }
      ],
      "samplers": [
        {
          "name": "texture",
          "type": 29,
          "count": 1,
          "defines": [],
          "binding": 30
        }
      ],
      "dependencies": {},
      "name": "builtin-2d-spine|vs|fs"
    }
  ]
}