[
  {
    "__type__": "cc.SpriteFrame",
    "content": {
      "name": "preload1",
      "texture": "bdz5EcqYpI45u07iLKLg40",
      "rect": [
        0,
        0,
        1920,
        1080
      ],
      "offset": [
        0,
        0
      ],
      "originalSize": [
        1920,
        1080
      ],
      "capInsets": [
        0,
        0,
        0,
        0
      ]
    }
  },
  [
    {
      "__type__": "cc.SceneAsset",
      "_name": "LoadScene",
      "scene": {
        "__id__": 1
      },
      "asyncLoadAssets": null
    },
    {
      "__type__": "cc.Scene",
      "_name": "New Node",
      "_children": [
        {
          "__id__": 2
        }
      ],
      "_anchorPoint": {
        "__type__": "cc.Vec2"
      },
      "_trs": {
        "__type__": "TypedArray",
        "ctor": "Float64Array",
        "array": [
          0,
          0,
          0,
          0,
          0,
          0,
          1,
          1,
          1,
          1
        ]
      },
      "autoReleaseAssets": false
    },
    {
      "__type__": "cc.Node",
      "_name": "Canvas",
      "_parent": {
        "__id__": 1
      },
      "_children": [
        {
          "__id__": 3
        },
        {
          "__id__": 4
        },
        {
          "__id__": 5
        }
      ],
      "_components": [
        {
          "__type__": "cc.Canvas",
          "node": {
            "__id__": 2
          },
          "_designResolution": {
            "__type__": "cc.Size",
            "width": 1920,
            "height": 1080
          }
        },
        {
          "__type__": "d4018V5sqpITZoLizfcV71h",
          "node": {
            "__id__": 2
          }
        }
      ],
      "_contentSize": {
        "__type__": "cc.Size",
        "width": 1920,
        "height": 1080
      },
      "_trs": {
        "__type__": "TypedArray",
        "ctor": "Float64Array",
        "array": [
          960,
          540,
          0,
          0,
          0,
          0,
          1,
          1,
          1,
          1
        ]
      },
      "_id": "02wqdywAVPGqebWuKwxV1O"
    },
    {
      "__type__": "cc.Node",
      "_name": "Main Camera",
      "_parent": {
        "__id__": 2
      },
      "_components": [
        {
          "__type__": "cc.Camera",
          "node": {
            "__id__": 3
          },
          "_clearFlags": 7,
          "_depth": -1
        }
      ],
      "_trs": {
        "__type__": "TypedArray",
        "ctor": "Float64Array",
        "array": [
          0,
          0,
          388.845406299213,
          0,
          0,
          0,
          1,
          1,
          1,
          1
        ]
      }
    },
    {
      "__type__": "cc.Node",
      "_name": "BackGround",
      "_parent": {
        "__id__": 2
      },
      "_components": [
        {
          "__type__": "cc.Sprite",
          "node": {
            "__id__": 4
          },
          "_materials": [
            {
              "__uuid__": "ecpdLyjvZBwrvm+cedCcQy"
            }
          ],
          "_spriteFrame": {
            "__uuid__": "1fIZSsnclMzLWA/v8q/QwO"
          }
        }
      ],
      "_contentSize": {
        "__type__": "cc.Size",
        "width": 1920,
        "height": 1080
      },
      "_trs": {
        "__type__": "TypedArray",
        "ctor": "Float64Array",
        "array": [
          0,
          0,
          0,
          0,
          0,
          0,
          1,
          1,
          1,
          1
        ]
      }
    },
    {
      "__type__": "cc.Node",
      "_name": "ProgressBar",
      "_parent": {
        "__id__": 2
      },
      "_children": [
        {
          "__id__": 6
        }
      ],
      "_components": [
        {
          "__type__": "cc.Sprite",
          "node": {
            "__id__": 5
          },
          "_materials": [
            {
              "__uuid__": "ecpdLyjvZBwrvm+cedCcQy"
            }
          ],
          "_spriteFrame": {
            "__uuid__": "e0Ynx+p1pJtbWURmr4Aiyl"
          },
          "_type": 1,
          "_sizeMode": 0
        },
        {
          "__type__": "cc.ProgressBar",
          "node": {
            "__id__": 5
          },
          "_N$totalLength": 1046,
          "_N$barSprite": {
            "__id__": 7
          }
        },
        {
          "__type__": "cc.Widget",
          "node": {
            "__id__": 5
          },
          "_alignFlags": 20,
          "_bottom": 47.5
        }
      ],
      "_contentSize": {
        "__type__": "cc.Size",
        "width": 1100,
        "height": 120
      },
      "_trs": {
        "__type__": "TypedArray",
        "ctor": "Float64Array",
        "array": [
          0,
          -432.5,
          0,
          0,
          0,
          0,
          1,
          1,
          1,
          1
        ]
      }
    },
    {
      "__type__": "cc.Node",
      "_name": "bar",
      "_parent": {
        "__id__": 5
      },
      "_components": [
        {
          "__id__": 7
        }
      ],
      "_contentSize": {
        "__type__": "cc.Size",
        "width": 1046,
        "height": 64
      },
      "_anchorPoint": {
        "__type__": "cc.Vec2",
        "y": 0.5
      },
      "_trs": {
        "__type__": "TypedArray",
        "ctor": "Float64Array",
        "array": [
          -523.612,
          0,
          0,
          0,
          0,
          0,
          1,
          1,
          1,
          1
        ]
      }
    },
    {
      "__type__": "cc.Sprite",
      "node": {
        "__id__": 6
      },
      "_materials": [
        {
          "__uuid__": "ecpdLyjvZBwrvm+cedCcQy"
        }
      ],
      "_spriteFrame": {
        "__uuid__": "d36DjVxINBX4hUKOCK6rSy"
      },
      "_type": 1,
      "_sizeMode": 0
    }
  ],
  {
    "__type__": "cc.SpriteFrame",
    "content": {
      "name": "preloadbar",
      "texture": "985mThfz1JJKbYm5qpHxac",
      "rect": [
        0,
        0,
        1046,
        64
      ],
      "offset": [
        0,
        0
      ],
      "originalSize": [
        1046,
        64
      ],
      "capInsets": [
        36,
        0,
        24,
        0
      ]
    }
  },
  {
    "__type__": "cc.SpriteFrame",
    "content": {
      "name": "preloadbg",
      "texture": "2bFJXfzDpBT6dA6/qw1ES/",
      "rect": [
        2,
        1,
        1096,
        118
      ],
      "offset": [
        0,
        0
      ],
      "originalSize": [
        1100,
        120
      ],
      "capInsets": [
        0,
        0,
        0,
        0
      ]
    }
  }
]